{
  "open_4": 122570.9395581774,
  "closed_4": 24534.14362142723,
  "broken_4": 17274.246637783493,
  "open_3": 20605.393052897973,
  "broken_3": 11055.023078493454,
  "closed_3": 859.9214686717321,
  "open_2": 420.49630574258566,
  "broken_2": 223.8904250993476,
  "fork_open_3": 43217.808336524235,
  "fork_four_plus": 120563.27360403849,
  "capture_now": 2104.829183852497,
  "capture_double_threat": 2772.452146913831,
  "capture_near_win": 12271.373371394413,
  "capture_in_two": 658.5028330820526,
  "hanging_pair": 2230.48875270974,
  "capture_win_soon_scale": 0.95,
  "capture_in_two_limit": 8
}
